ciclo,modo,pc,ifbit,irr,imr,isr,en_servicio,in_isr,stage,cur_dev,vec,driver_busy,disco_serv,disco_rem,teclado_serv,teclado_rem,disco_cola,teclado_cola,irq,contextos_guardados,es,nest,eoi,pend
1,usuario,0x404,1,00,00,00,-,0,0,-,0x0,0,0,0,0,0,0,0,0,0,0,0,0,0
2,usuario,0x408,1,00,00,00,-,0,0,-,0x0,0,0,0,0,0,0,0,0,0,0,0,0,0
3,usuario,0x40C,1,00,00,00,-,0,0,-,0x0,4,0,0,0,0,0,1,0,0,0,0,0,0
4,usuario,0x410,1,00,00,00,-,0,0,-,0x0,3,0,0,1,4,0,0,0,0,0,0,0,0
5,usuario,0x414,1,00,00,00,-,0,0,-,0x0,2,0,0,1,3,0,0,0,0,0,0,0,0
6,usuario,0x418,1,00,00,00,-,0,0,-,0x0,4,0,0,1,3,1,0,0,0,0,0,0,0
7,usuario,0x41C,1,00,00,00,-,0,0,-,0x0,3,2,6,1,2,0,0,0,0,0,0,0,0
8,usuario,0x420,1,00,00,00,-,0,0,-,0x0,2,2,5,1,2,0,0,0,0,0,0,0,0
9,usuario,0x424,1,00,00,00,-,0,0,-,0x0,4,2,5,1,1,0,1,0,0,0,0,0,0
10,usuario,0x428,1,00,00,00,-,0,0,-,0x0,3,2,4,1,1,0,1,0,0,0,0,0,0
11,usuario,0x42C,1,01,00,00,-,0,0,-,0x0,2,2,4,0,0,0,1,0,0,0,0,0,1
12,kernel,0x430,0,00,00,01,Teclado,1,1,Teclado,0x22,4,2,3,3,4,1,0,1,1,0,0,0,1
13,kernel,0x430,0,00,00,01,Teclado,1,2,Teclado,0x22,3,2,3,3,3,1,0,1,1,0,0,0,1
14,kernel,0x430,0,00,00,01,Teclado,1,3,Teclado,0x22,2,2,2,3,3,1,0,1,1,0,0,0,1
15,kernel,0x2200,1,00,00,01,Teclado,1,4,Teclado,0x22,1,2,2,3,2,1,0,1,1,0,0,0,1
16,kernel,0x2200,1,00,00,01,Teclado,1,5,Teclado,0x22,0,2,1,3,2,1,0,1,1,0,0,0,1
17,kernel,0x2200,1,00,00,00,-,1,6,Teclado,0x22,0,2,1,3,1,1,0,1,1,1,0,1,0
18,usuario,0x430,1,10,00,00,-,1,7,Teclado,0x22,0,0,0,3,1,1,0,1,1,1,0,1,1
19,usuario,0x430,1,11,00,00,-,0,0,-,0x0,0,4,6,0,0,0,0,1,1,1,0,1,2
20,kernel,0x434,0,01,00,10,Disco,1,1,Disco,0x21,0,4,5,0,0,0,0,2,2,1,0,1,2
21,kernel,0x434,0,01,00,10,Disco,1,2,Disco,0x21,0,4,5,0,0,0,0,2,2,1,0,1,2
22,kernel,0x434,0,01,00,10,Disco,1,3,Disco,0x21,0,4,4,0,0,0,0,2,2,1,0,1,2
23,kernel,0x2100,1,01,00,10,Disco,1,4,Disco,0x21,0,4,4,0,0,0,0,2,2,1,0,1,2
24,kernel,0x2100,1,01,00,10,Disco,1,5,Disco,0x21,0,4,3,0,0,0,0,2,2,1,0,1,2
25,kernel,0x2100,1,01,00,00,-,1,6,Disco,0x21,0,4,3,0,0,0,0,2,2,2,0,2,1
26,usuario,0x434,1,01,00,00,-,1,7,Disco,0x21,0,4,2,0,0,0,0,2,2,2,0,2,1
27,usuario,0x434,1,01,00,00,-,0,0,-,0x0,0,4,2,0,0,0,0,2,2,2,0,2,1
28,kernel,0x438,0,00,00,01,Teclado,1,1,Teclado,0x22,0,4,1,0,0,0,0,3,3,2,0,2,1
29,kernel,0x438,0,00,00,01,Teclado,1,2,Teclado,0x22,0,4,1,0,0,0,0,3,3,2,0,2,1
30,kernel,0x438,0,10,00,01,Teclado,1,3,Teclado,0x22,0,0,0,0,0,0,0,3,3,2,0,2,2
31,kernel,0x2200,1,10,00,01,Teclado,1,4,Teclado,0x22,0,0,0,0,0,0,0,3,3,2,0,2,2
32,kernel,0x2200,0,00,00,11,Disco,1,1,Disco,0x21,0,0,0,0,0,0,0,4,4,2,1,2,2
33,kernel,0x2200,0,00,00,11,Disco,1,2,Disco,0x21,0,0,0,0,0,0,0,4,4,2,1,2,2
34,kernel,0x2200,0,00,00,11,Disco,1,3,Disco,0x21,0,0,0,0,0,0,0,4,4,2,1,2,2
35,kernel,0x2100,1,00,00,11,Disco,1,4,Disco,0x21,0,0,0,0,0,0,0,4,4,2,1,2,2
36,kernel,0x2100,1,00,00,11,Disco,1,5,Disco,0x21,0,0,0,0,0,0,0,4,4,2,1,2,2
37,kernel,0x2100,1,00,00,01,Teclado,1,6,Disco,0x21,0,0,0,0,0,0,0,4,4,3,1,3,1
38,kernel,0x2200,1,00,00,01,Teclado,1,7,Disco,0x21,0,0,0,0,0,0,0,4,4,3,1,3,1
39,kernel,0x2200,1,00,00,01,Teclado,1,4,Teclado,0x22,0,0,0,0,0,0,0,4,4,3,1,3,1
40,kernel,0x2200,1,00,00,01,Teclado,1,5,Teclado,0x22,0,0,0,0,0,0,0,4,4,3,1,3,1
41,kernel,0x2200,1,00,00,00,-,1,6,Teclado,0x22,0,0,0,0,0,0,0,4,4,4,1,4,0
42,usuario,0x438,1,00,00,00,-,1,7,Teclado,0x22,0,0,0,0,0,0,0,4,4,4,1,4,0
43,usuario,0x438,1,00,00,00,-,0,0,-,0x0,0,0,0,0,0,0,0,4,4,4,1,4,0
44,usuario,0x43C,1,00,00,00,-,0,0,-,0x0,4,0,0,0,0,0,1,4,4,4,1,4,0
45,usuario,0x440,1,00,00,00,-,0,0,-,0x0,3,0,0,5,4,0,0,4,4,4,1,4,0
46,usuario,0x444,1,00,00,00,-,0,0,-,0x0,2,0,0,5,3,0,0,4,4,4,1,4,0
47,usuario,0x448,1,00,00,00,-,0,0,-,0x0,4,0,0,5,3,1,0,4,4,4,1,4,0
48,usuario,0x44C,1,00,00,00,-,0,0,-,0x0,3,6,6,5,2,0,0,4,4,4,1,4,0
49,usuario,0x450,1,00,00,00,-,0,0,-,0x0,2,6,5,5,2,0,0,4,4,4,1,4,0
50,usuario,0x454,1,00,00,00,-,0,0,-,0x0,4,6,5,5,1,0,1,4,4,4,1,4,0
51,usuario,0x458,1,00,00,00,-,0,0,-,0x0,3,6,4,5,1,0,1,4,4,4,1,4,0
52,usuario,0x45C,1,01,00,00,-,0,0,-,0x0,2,6,4,0,0,0,1,4,4,4,1,4,1
53,kernel,0x460,0,00,00,01,Teclado,1,1,Teclado,0x22,4,6,3,7,4,1,0,5,5,4,1,4,1
54,kernel,0x460,0,00,00,01,Teclado,1,2,Teclado,0x22,3,6,3,7,3,1,0,5,5,4,1,4,1
55,kernel,0x460,0,00,00,01,Teclado,1,3,Teclado,0x22,2,6,2,7,3,1,0,5,5,4,1,4,1
56,kernel,0x2200,1,00,00,01,Teclado,1,4,Teclado,0x22,1,6,2,7,2,1,0,5,5,4,1,4,1
57,kernel,0x2200,1,00,00,01,Teclado,1,5,Teclado,0x22,0,6,1,7,2,1,0,5,5,4,1,4,1
58,kernel,0x2200,1,00,00,00,-,1,6,Teclado,0x22,0,6,1,7,1,1,0,5,5,5,1,5,0
59,usuario,0x460,1,10,00,00,-,1,7,Teclado,0x22,0,0,0,7,1,1,0,5,5,5,1,5,1
60,usuario,0x460,1,11,00,00,-,0,0,-,0x0,0,8,6,0,0,0,0,5,5,5,1,5,2
61,kernel,0x464,0,01,00,10,Disco,1,1,Disco,0x21,0,8,5,0,0,0,0,6,6,5,1,5,2
62,kernel,0x464,0,01,00,10,Disco,1,2,Disco,0x21,0,8,5,0,0,0,0,6,6,5,1,5,2
63,kernel,0x464,0,01,00,10,Disco,1,3,Disco,0x21,0,8,4,0,0,0,0,6,6,5,1,5,2
64,kernel,0x2100,1,01,00,10,Disco,1,4,Disco,0x21,0,8,4,0,0,0,0,6,6,5,1,5,2
65,kernel,0x2100,1,01,00,10,Disco,1,5,Disco,0x21,0,8,3,0,0,0,0,6,6,5,1,5,2
66,kernel,0x2100,1,01,00,00,-,1,6,Disco,0x21,0,8,3,0,0,0,0,6,6,6,1,6,1
67,usuario,0x464,1,01,00,00,-,1,7,Disco,0x21,0,8,2,0,0,0,0,6,6,6,1,6,1
68,usuario,0x464,1,01,00,00,-,0,0,-,0x0,0,8,2,0,0,0,0,6,6,6,1,6,1
69,kernel,0x468,0,00,00,01,Teclado,1,1,Teclado,0x22,0,8,1,0,0,0,0,7,7,6,1,6,1
70,kernel,0x468,0,00,00,01,Teclado,1,2,Teclado,0x22,0,8,1,0,0,0,0,7,7,6,1,6,1
71,kernel,0x468,0,10,00,01,Teclado,1,3,Teclado,0x22,0,0,0,0,0,0,0,7,7,6,1,6,2
72,kernel,0x2200,1,10,00,01,Teclado,1,4,Teclado,0x22,0,0,0,0,0,0,0,7,7,6,1,6,2
73,kernel,0x2200,0,00,00,11,Disco,1,1,Disco,0x21,0,0,0,0,0,0,0,8,8,6,2,6,2
74,kernel,0x2200,0,00,00,11,Disco,1,2,Disco,0x21,0,0,0,0,0,0,0,8,8,6,2,6,2
75,kernel,0x2200,0,00,00,11,Disco,1,3,Disco,0x21,0,0,0,0,0,0,0,8,8,6,2,6,2
76,kernel,0x2100,1,00,00,11,Disco,1,4,Disco,0x21,0,0,0,0,0,0,0,8,8,6,2,6,2
77,kernel,0x2100,1,00,00,11,Disco,1,5,Disco,0x21,0,0,0,0,0,0,0,8,8,6,2,6,2
78,kernel,0x2100,1,00,00,01,Teclado,1,6,Disco,0x21,0,0,0,0,0,0,0,8,8,7,2,7,1
79,kernel,0x2200,1,00,00,01,Teclado,1,7,Disco,0x21,0,0,0,0,0,0,0,8,8,7,2,7,1
80,kernel,0x2200,1,00,00,01,Teclado,1,4,Teclado,0x22,0,0,0,0,0,0,0,8,8,7,2,7,1
81,kernel,0x2200,1,00,00,01,Teclado,1,5,Teclado,0x22,0,0,0,0,0,0,0,8,8,7,2,7,1
82,kernel,0x2200,1,00,00,00,-,1,6,Teclado,0x22,0,0,0,0,0,0,0,8,8,8,2,8,0
83,usuario,0x468,1,00,00,00,-,1,7,Teclado,0x22,0,0,0,0,0,0,0,8,8,8,2,8,0
84,usuario,0x468,1,00,00,00,-,0,0,-,0x0,0,0,0,0,0,0,0,8,8,8,2,8,0
85,usuario,0x46C,1,00,00,00,-,0,0,-,0x0,4,0,0,0,0,0,1,8,8,8,2,8,0
86,usuario,0x470,1,00,00,00,-,0,0,-,0x0,3,0,0,9,4,0,0,8,8,8,2,8,0
87,usuario,0x474,1,00,00,00,-,0,0,-,0x0,2,0,0,9,3,0,0,8,8,8,2,8,0
88,usuario,0x478,1,00,00,00,-,0,0,-,0x0,4,0,0,9,3,1,0,8,8,8,2,8,0
89,usuario,0x47C,1,00,00,00,-,0,0,-,0x0,3,10,6,9,2,0,0,8,8,8,2,8,0
90,usuario,0x480,1,00,00,00,-,0,0,-,0x0,2,10,5,9,2,0,0,8,8,8,2,8,0
91,usuario,0x484,1,00,00,00,-,0,0,-,0x0,4,10,5,9,1,0,1,8,8,8,2,8,0
92,usuario,0x488,1,00,00,00,-,0,0,-,0x0,3,10,4,9,1,0,1,8,8,8,2,8,0
93,usuario,0x48C,1,01,00,00,-,0,0,-,0x0,2,10,4,0,0,0,1,8,8,8,2,8,1
94,kernel,0x490,0,00,00,01,Teclado,1,1,Teclado,0x22,4,10,3,11,4,1,0,9,9,8,2,8,1
95,kernel,0x490,0,00,00,01,Teclado,1,2,Teclado,0x22,3,10,3,11,3,1,0,9,9,8,2,8,1
96,kernel,0x490,0,00,00,01,Teclado,1,3,Teclado,0x22,2,10,2,11,3,1,0,9,9,8,2,8,1
97,kernel,0x2200,1,00,00,01,Teclado,1,4,Teclado,0x22,1,10,2,11,2,1,0,9,9,8,2,8,1
98,kernel,0x2200,1,00,00,01,Teclado,1,5,Teclado,0x22,0,10,1,11,2,1,0,9,9,8,2,8,1
99,kernel,0x2200,1,00,00,00,-,1,6,Teclado,0x22,0,10,1,11,1,1,0,9,9,9,2,9,0
100,usuario,0x490,1,10,00,00,-,1,7,Teclado,0x22,0,0,0,11,1,1,0,9,9,9,2,9,1
101,usuario,0x490,1,11,00,00,-,0,0,-,0x0,0,12,6,0,0,0,0,9,9,9,2,9,2
102,kernel,0x494,0,01,00,10,Disco,1,1,Disco,0x21,0,12,5,0,0,0,0,10,10,9,2,9,2
103,kernel,0x494,0,01,00,10,Disco,1,2,Disco,0x21,0,12,5,0,0,0,0,10,10,9,2,9,2
104,kernel,0x494,0,01,00,10,Disco,1,3,Disco,0x21,0,12,4,0,0,0,0,10,10,9,2,9,2
105,kernel,0x2100,1,01,00,10,Disco,1,4,Disco,0x21,0,12,4,0,0,0,0,10,10,9,2,9,2
106,kernel,0x2100,1,01,00,10,Disco,1,5,Disco,0x21,0,12,3,0,0,0,0,10,10,9,2,9,2
107,kernel,0x2100,1,01,00,00,-,1,6,Disco,0x21,0,12,3,0,0,0,0,10,10,10,2,10,1
108,usuario,0x494,1,01,00,00,-,1,7,Disco,0x21,0,12,2,0,0,0,0,10,10,10,2,10,1
109,usuario,0x494,1,01,00,00,-,0,0,-,0x0,0,12,2,0,0,0,0,10,10,10,2,10,1
110,kernel,0x498,0,00,00,01,Teclado,1,1,Teclado,0x22,0,12,1,0,0,0,0,11,11,10,2,10,1
111,kernel,0x498,0,00,00,01,Teclado,1,2,Teclado,0x22,0,12,1,0,0,0,0,11,11,10,2,10,1
112,kernel,0x498,0,10,00,01,Teclado,1,3,Teclado,0x22,0,0,0,0,0,0,0,11,11,10,2,10,2
113,kernel,0x2200,1,10,00,01,Teclado,1,4,Teclado,0x22,0,0,0,0,0,0,0,11,11,10,2,10,2
114,kernel,0x2200,0,00,00,11,Disco,1,1,Disco,0x21,0,0,0,0,0,0,0,12,12,10,3,10,2
115,kernel,0x2200,0,00,00,11,Disco,1,2,Disco,0x21,0,0,0,0,0,0,0,12,12,10,3,10,2
116,kernel,0x2200,0,00,00,11,Disco,1,3,Disco,0x21,0,0,0,0,0,0,0,12,12,10,3,10,2
117,kernel,0x2100,1,00,00,11,Disco,1,4,Disco,0x21,0,0,0,0,0,0,0,12,12,10,3,10,2
118,kernel,0x2100,1,00,00,11,Disco,1,5,Disco,0x21,0,0,0,0,0,0,0,12,12,10,3,10,2
119,kernel,0x2100,1,00,00,01,Teclado,1,6,Disco,0x21,0,0,0,0,0,0,0,12,12,11,3,11,1
120,kernel,0x2200,1,00,00,01,Teclado,1,7,Disco,0x21,0,0,0,0,0,0,0,12,12,11,3,11,1
121,kernel,0x2200,1,00,00,01,Teclado,1,4,Teclado,0x22,0,0,0,0,0,0,0,12,12,11,3,11,1
122,kernel,0x2200,1,00,00,01,Teclado,1,5,Teclado,0x22,0,0,0,0,0,0,0,12,12,11,3,11,1
123,kernel,0x2200,1,00,00,00,-,1,6,Teclado,0x22,0,0,0,0,0,0,0,12,12,12,3,12,0
124,usuario,0x498,1,00,00,00,-,1,7,Teclado,0x22,0,0,0,0,0,0,0,12,12,12,3,12,0
125,usuario,0x498,1,00,00,00,-,0,0,-,0x0,0,0,0,0,0,0,0,12,12,12,3,12,0
126,usuario,0x49C,1,00,00,00,-,0,0,-,0x0,4,0,0,0,0,0,1,12,12,12,3,12,0
127,usuario,0x4A0,1,00,00,00,-,0,0,-,0x0,3,0,0,13,4,0,0,12,12,12,3,12,0
128,usuario,0x4A4,1,00,00,00,-,0,0,-,0x0,2,0,0,13,3,0,0,12,12,12,3,12,0
129,usuario,0x4A8,1,00,00,00,-,0,0,-,0x0,4,0,0,13,3,1,0,12,12,12,3,12,0
130,usuario,0x4AC,1,00,00,00,-,0,0,-,0x0,3,14,6,13,2,0,0,12,12,12,3,12,0
131,usuario,0x4B0,1,00,00,00,-,0,0,-,0x0,2,14,5,13,2,0,0,12,12,12,3,12,0
132,usuario,0x4B4,1,00,00,00,-,0,0,-,0x0,4,14,5,13,1,0,1,12,12,12,3,12,0
133,usuario,0x4B8,1,00,00,00,-,0,0,-,0x0,3,14,4,13,1,0,1,12,12,12,3,12,0
134,usuario,0x4BC,1,01,00,00,-,0,0,-,0x0,2,14,4,0,0,0,1,12,12,12,3,12,1
135,kernel,0x4C0,0,00,00,01,Teclado,1,1,Teclado,0x22,4,14,3,15,4,1,0,13,13,12,3,12,1
136,kernel,0x4C0,0,00,00,01,Teclado,1,2,Teclado,0x22,3,14,3,15,3,1,0,13,13,12,3,12,1
137,kernel,0x4C0,0,00,00,01,Teclado,1,3,Teclado,0x22,2,14,2,15,3,1,0,13,13,12,3,12,1
138,kernel,0x2200,1,00,00,01,Teclado,1,4,Teclado,0x22,1,14,2,15,2,1,0,13,13,12,3,12,1
139,kernel,0x2200,1,00,00,01,Teclado,1,5,Teclado,0x22,0,14,1,15,2,1,0,13,13,12,3,12,1
140,kernel,0x2200,1,00,00,00,-,1,6,Teclado,0x22,0,14,1,15,1,1,0,13,13,13,3,13,0
141,usuario,0x4C0,1,10,00,00,-,1,7,Teclado,0x22,0,0,0,15,1,1,0,13,13,13,3,13,1
142,usuario,0x4C0,1,11,00,00,-,0,0,-,0x0,0,16,6,0,0,0,0,13,13,13,3,13,2
143,kernel,0x4C4,0,01,00,10,Disco,1,1,Disco,0x21,0,16,5,0,0,0,0,14,14,13,3,13,2
144,kernel,0x4C4,0,01,00,10,Disco,1,2,Disco,0x21,0,16,5,0,0,0,0,14,14,13,3,13,2
145,kernel,0x4C4,0,01,00,10,Disco,1,3,Disco,0x21,0,16,4,0,0,0,0,14,14,13,3,13,2
146,kernel,0x2100,1,01,00,10,Disco,1,4,Disco,0x21,0,16,4,0,0,0,0,14,14,13,3,13,2
147,kernel,0x2100,1,01,00,10,Disco,1,5,Disco,0x21,0,16,3,0,0,0,0,14,14,13,3,13,2
148,kernel,0x2100,1,01,00,00,-,1,6,Disco,0x21,0,16,3,0,0,0,0,14,14,14,3,14,1
149,usuario,0x4C4,1,01,00,00,-,1,7,Disco,0x21,0,16,2,0,0,0,0,14,14,14,3,14,1
150,usuario,0x4C4,1,01,00,00,-,0,0,-,0x0,0,16,2,0,0,0,0,14,14,14,3,14,1
151,kernel,0x4C8,0,00,00,01,Teclado,1,1,Teclado,0x22,0,16,1,0,0,0,0,15,15,14,3,14,1
152,kernel,0x4C8,0,00,00,01,Teclado,1,2,Teclado,0x22,0,16,1,0,0,0,0,15,15,14,3,14,1
153,kernel,0x4C8,0,10,00,01,Teclado,1,3,Teclado,0x22,0,0,0,0,0,0,0,15,15,14,3,14,2
154,kernel,0x2200,1,10,00,01,Teclado,1,4,Teclado,0x22,0,0,0,0,0,0,0,15,15,14,3,14,2
155,kernel,0x2200,0,00,00,11,Disco,1,1,Disco,0x21,0,0,0,0,0,0,0,16,16,14,4,14,2
156,kernel,0x2200,0,00,00,11,Disco,1,2,Disco,0x21,0,0,0,0,0,0,0,16,16,14,4,14,2
157,kernel,0x2200,0,00,00,11,Disco,1,3,Disco,0x21,0,0,0,0,0,0,0,16,16,14,4,14,2
158,kernel,0x2100,1,00,00,11,Disco,1,4,Disco,0x21,0,0,0,0,0,0,0,16,16,14,4,14,2
159,kernel,0x2100,1,00,00,11,Disco,1,5,Disco,0x21,0,0,0,0,0,0,0,16,16,14,4,14,2
160,kernel,0x2100,1,00,00,01,Teclado,1,6,Disco,0x21,0,0,0,0,0,0,0,16,16,15,4,15,1
161,kernel,0x2200,1,00,00,01,Teclado,1,7,Disco,0x21,0,0,0,0,0,0,0,16,16,15,4,15,1
162,kernel,0x2200,1,00,00,01,Teclado,1,4,Teclado,0x22,0,0,0,0,0,0,0,16,16,15,4,15,1
163,kernel,0x2200,1,00,00,01,Teclado,1,5,Teclado,0x22,0,0,0,0,0,0,0,16,16,15,4,15,1
164,kernel,0x2200,1,00,00,00,-,1,6,Teclado,0x22,0,0,0,0,0,0,0,16,16,16,4,16,0
165,usuario,0x4C8,1,00,00,00,-,1,7,Teclado,0x22,0,0,0,0,0,0,0,16,16,16,4,16,0
166,usuario,0x4C8,1,00,00,00,-,0,0,-,0x0,0,0,0,0,0,0,0,16,16,16,4,16,0
167,usuario,0x4CC,1,00,00,00,-,0,0,-,0x0,4,0,0,0,0,0,1,16,16,16,4,16,0
168,usuario,0x4D0,1,00,00,00,-,0,0,-,0x0,3,0,0,17,4,0,0,16,16,16,4,16,0
169,usuario,0x4D4,1,00,00,00,-,0,0,-,0x0,2,0,0,17,3,0,0,16,16,16,4,16,0
170,usuario,0x4D8,1,00,00,00,-,0,0,-,0x0,4,0,0,17,3,1,0,16,16,16,4,16,0
171,usuario,0x4DC,1,00,00,00,-,0,0,-,0x0,3,18,6,17,2,0,0,16,16,16,4,16,0
172,usuario,0x4E0,1,00,00,00,-,0,0,-,0x0,2,18,5,17,2,0,0,16,16,16,4,16,0
173,usuario,0x4E4,1,00,00,00,-,0,0,-,0x0,4,18,5,17,1,0,1,16,16,16,4,16,0
174,usuario,0x4E8,1,00,00,00,-,0,0,-,0x0,3,18,4,17,1,0,1,16,16,16,4,16,0
175,usuario,0x4EC,1,01,00,00,-,0,0,-,0x0,2,18,4,0,0,0,1,16,16,16,4,16,1
176,kernel,0x4F0,0,00,00,01,Teclado,1,1,Teclado,0x22,4,18,3,19,4,1,0,17,17,16,4,16,1
177,kernel,0x4F0,0,00,00,01,Teclado,1,2,Teclado,0x22,3,18,3,19,3,1,0,17,17,16,4,16,1
178,kernel,0x4F0,0,00,00,01,Teclado,1,3,Teclado,0x22,2,18,2,19,3,1,0,17,17,16,4,16,1
179,kernel,0x2200,1,00,00,01,Teclado,1,4,Teclado,0x22,1,18,2,19,2,1,0,17,17,16,4,16,1
180,kernel,0x2200,1,00,00,01,Teclado,1,5,Teclado,0x22,0,18,1,19,2,1,0,17,17,16,4,16,1
181,kernel,0x2200,1,00,00,00,-,1,6,Teclado,0x22,0,18,1,19,1,1,0,17,17,17,4,17,0
182,usuario,0x4F0,1,10,00,00,-,1,7,Teclado,0x22,0,0,0,19,1,1,0,17,17,17,4,17,1
183,usuario,0x4F0,1,11,00,00,-,0,0,-,0x0,0,20,6,0,0,0,0,17,17,17,4,17,2
184,kernel,0x4F4,0,01,00,10,Disco,1,1,Disco,0x21,0,20,5,0,0,0,0,18,18,17,4,17,2
185,kernel,0x4F4,0,01,00,10,Disco,1,2,Disco,0x21,0,20,5,0,0,0,0,18,18,17,4,17,2
186,kernel,0x4F4,0,01,00,10,Disco,1,3,Disco,0x21,0,20,4,0,0,0,0,18,18,17,4,17,2
187,kernel,0x2100,1,01,00,10,Disco,1,4,Disco,0x21,0,20,4,0,0,0,0,18,18,17,4,17,2
188,kernel,0x2100,1,01,00,10,Disco,1,5,Disco,0x21,0,20,3,0,0,0,0,18,18,17,4,17,2
189,kernel,0x2100,1,01,00,00,-,1,6,Disco,0x21,0,20,3,0,0,0,0,18,18,18,4,18,1
190,usuario,0x4F4,1,01,00,00,-,1,7,Disco,0x21,0,20,2,0,0,0,0,18,18,18,4,18,1
191,usuario,0x4F4,1,01,00,00,-,0,0,-,0x0,0,20,2,0,0,0,0,18,18,18,4,18,1
192,kernel,0x4F8,0,00,00,01,Teclado,1,1,Teclado,0x22,0,20,1,0,0,0,0,19,19,18,4,18,1
193,kernel,0x4F8,0,00,00,01,Teclado,1,2,Teclado,0x22,0,20,1,0,0,0,0,19,19,18,4,18,1
194,kernel,0x4F8,0,10,00,01,Teclado,1,3,Teclado,0x22,0,0,0,0,0,0,0,19,19,18,4,18,2
195,kernel,0x2200,1,10,00,01,Teclado,1,4,Teclado,0x22,0,0,0,0,0,0,0,19,19,18,4,18,2
196,kernel,0x2200,0,00,00,11,Disco,1,1,Disco,0x21,0,0,0,0,0,0,0,20,20,18,5,18,2
197,kernel,0x2200,0,00,00,11,Disco,1,2,Disco,0x21,0,0,0,0,0,0,0,20,20,18,5,18,2
198,kernel,0x2200,0,00,00,11,Disco,1,3,Disco,0x21,0,0,0,0,0,0,0,20,20,18,5,18,2
199,kernel,0x2100,1,00,00,11,Disco,1,4,Disco,0x21,0,0,0,0,0,0,0,20,20,18,5,18,2
200,kernel,0x2100,1,00,00,11,Disco,1,5,Disco,0x21,0,0,0,0,0,0,0,20,20,18,5,18,2
201,kernel,0x2100,1,00,00,01,Teclado,1,6,Disco,0x21,0,0,0,0,0,0,0,20,20,19,5,19,1
202,kernel,0x2200,1,00,00,01,Teclado,1,7,Disco,0x21,0,0,0,0,0,0,0,20,20,19,5,19,1
203,kernel,0x2200,1,00,00,01,Teclado,1,4,Teclado,0x22,0,0,0,0,0,0,0,20,20,19,5,19,1
204,kernel,0x2200,1,00,00,01,Teclado,1,5,Teclado,0x22,0,0,0,0,0,0,0,20,20,19,5,19,1
205,kernel,0x2200,1,00,00,00,-,1,6,Teclado,0x22,0,0,0,0,0,0,0,20,20,20,5,20,0
206,usuario,0x4F8,1,00,00,00,-,1,7,Teclado,0x22,0,0,0,0,0,0,0,20,20,20,5,20,0
207,usuario,0x4F8,1,00,00,00,-,0,0,-,0x0,0,0,0,0,0,0,0,20,20,20,5,20,0
208,usuario,0x4FC,1,00,00,00,-,0,0,-,0x0,4,0,0,0,0,0,1,20,20,20,5,20,0
209,usuario,0x500,1,00,00,00,-,0,0,-,0x0,3,0,0,21,4,0,0,20,20,20,5,20,0
210,usuario,0x504,1,00,00,00,-,0,0,-,0x0,2,0,0,21,3,0,0,20,20,20,5,20,0
211,usuario,0x508,1,00,00,00,-,0,0,-,0x0,4,0,0,21,3,1,0,20,20,20,5,20,0
212,usuario,0x50C,1,00,00,00,-,0,0,-,0x0,3,22,6,21,2,0,0,20,20,20,5,20,0
213,usuario,0x510,1,00,00,00,-,0,0,-,0x0,2,22,5,21,2,0,0,20,20,20,5,20,0
214,usuario,0x514,1,00,00,00,-,0,0,-,0x0,4,22,5,21,1,0,1,20,20,20,5,20,0
215,usuario,0x518,1,00,00,00,-,0,0,-,0x0,3,22,4,21,1,0,1,20,20,20,5,20,0
216,usuario,0x51C,1,01,00,00,-,0,0,-,0x0,2,22,4,0,0,0,1,20,20,20,5,20,1
217,kernel,0x520,0,00,00,01,Teclado,1,1,Teclado,0x22,4,22,3,23,4,1,0,21,21,20,5,20,1
218,kernel,0x520,0,00,00,01,Teclado,1,2,Teclado,0x22,3,22,3,23,3,1,0,21,21,20,5,20,1
219,kernel,0x520,0,00,00,01,Teclado,1,3,Teclado,0x22,2,22,2,23,3,1,0,21,21,20,5,20,1
220,kernel,0x2200,1,00,00,01,Teclado,1,4,Teclado,0x22,1,22,2,23,2,1,0,21,21,20,5,20,1
221,kernel,0x2200,1,00,00,01,Teclado,1,5,Teclado,0x22,0,22,1,23,2,1,0,21,21,20,5,20,1
222,kernel,0x2200,1,00,00,00,-,1,6,Teclado,0x22,0,22,1,23,1,1,0,21,21,21,5,21,0
223,usuario,0x520,1,10,00,00,-,1,7,Teclado,0x22,0,0,0,23,1,1,0,21,21,21,5,21,1
224,usuario,0x520,1,11,00,00,-,0,0,-,0x0,0,24,6,0,0,0,0,21,21,21,5,21,2
225,kernel,0x524,0,01,00,10,Disco,1,1,Disco,0x21,0,24,5,0,0,0,0,22,22,21,5,21,2
226,kernel,0x524,0,01,00,10,Disco,1,2,Disco,0x21,0,24,5,0,0,0,0,22,22,21,5,21,2
227,kernel,0x524,0,01,00,10,Disco,1,3,Disco,0x21,0,24,4,0,0,0,0,22,22,21,5,21,2
228,kernel,0x2100,1,01,00,10,Disco,1,4,Disco,0x21,0,24,4,0,0,0,0,22,22,21,5,21,2
229,kernel,0x2100,1,01,00,10,Disco,1,5,Disco,0x21,0,24,3,0,0,0,0,22,22,21,5,21,2
230,kernel,0x2100,1,01,00,00,-,1,6,Disco,0x21,0,24,3,0,0,0,0,22,22,22,5,22,1
231,usuario,0x524,1,01,00,00,-,1,7,Disco,0x21,0,24,2,0,0,0,0,22,22,22,5,22,1
232,usuario,0x524,1,01,00,00,-,0,0,-,0x0,0,24,2,0,0,0,0,22,22,22,5,22,1
233,kernel,0x528,0,00,00,01,Teclado,1,1,Teclado,0x22,0,24,1,0,0,0,0,23,23,22,5,22,1
234,kernel,0x528,0,00,00,01,Teclado,1,2,Teclado,0x22,0,24,1,0,0,0,0,23,23,22,5,22,1
235,kernel,0x528,0,10,00,01,Teclado,1,3,Teclado,0x22,0,0,0,0,0,0,0,23,23,22,5,22,2
236,kernel,0x2200,1,10,00,01,Teclado,1,4,Teclado,0x22,0,0,0,0,0,0,0,23,23,22,5,22,2
237,kernel,0x2200,0,00,00,11,Disco,1,1,Disco,0x21,0,0,0,0,0,0,0,24,24,22,6,22,2
238,kernel,0x2200,0,00,00,11,Disco,1,2,Disco,0x21,0,0,0,0,0,0,0,24,24,22,6,22,2
239,kernel,0x2200,0,00,00,11,Disco,1,3,Disco,0x21,0,0,0,0,0,0,0,24,24,22,6,22,2
240,kernel,0x2100,1,00,00,11,Disco,1,4,Disco,0x21,0,0,0,0,0,0,0,24,24,22,6,22,2
241,kernel,0x2100,1,00,00,11,Disco,1,5,Disco,0x21,0,0,0,0,0,0,0,24,24,22,6,22,2
242,kernel,0x2100,1,00,00,01,Teclado,1,6,Disco,0x21,0,0,0,0,0,0,0,24,24,23,6,23,1
243,kernel,0x2200,1,00,00,01,Teclado,1,7,Disco,0x21,0,0,0,0,0,0,0,24,24,23,6,23,1
244,kernel,0x2200,1,00,00,01,Teclado,1,4,Teclado,0x22,0,0,0,0,0,0,0,24,24,23,6,23,1
245,kernel,0x2200,1,00,00,01,Teclado,1,5,Teclado,0x22,0,0,0,0,0,0,0,24,24,23,6,23,1
246,kernel,0x2200,1,00,00,00,-,1,6,Teclado,0x22,0,0,0,0,0,0,0,24,24,24,6,24,0
247,usuario,0x528,1,00,00,00,-,1,7,Teclado,0x22,0,0,0,0,0,0,0,24,24,24,6,24,0
248,usuario,0x528,1,00,00,00,-,0,0,-,0x0,0,0,0,0,0,0,0,24,24,24,6,24,0
249,usuario,0x52C,1,00,00,00,-,0,0,-,0x0,4,0,0,0,0,0,1,24,24,24,6,24,0
250,usuario,0x530,1,00,00,00,-,0,0,-,0x0,3,0,0,25,4,0,0,24,24,24,6,24,0
251,usuario,0x534,1,00,00,00,-,0,0,-,0x0,2,0,0,25,3,0,0,24,24,24,6,24,0
252,usuario,0x538,1,00,00,00,-,0,0,-,0x0,4,0,0,25,3,1,0,24,24,24,6,24,0
253,usuario,0x53C,1,00,00,00,-,0,0,-,0x0,3,26,6,25,2,0,0,24,24,24,6,24,0
254,usuario,0x540,1,00,00,00,-,0,0,-,0x0,2,26,5,25,2,0,0,24,24,24,6,24,0
255,usuario,0x544,1,00,00,00,-,0,0,-,0x0,4,26,5,25,1,0,1,24,24,24,6,24,0
256,usuario,0x548,1,00,00,00,-,0,0,-,0x0,3,26,4,25,1,0,1,24,24,24,6,24,0
257,usuario,0x54C,1,01,00,00,-,0,0,-,0x0,2,26,4,0,0,0,1,24,24,24,6,24,1
258,kernel,0x550,0,00,00,01,Teclado,1,1,Teclado,0x22,4,26,3,27,4,1,0,25,25,24,6,24,1
259,kernel,0x550,0,00,00,01,Teclado,1,2,Teclado,0x22,3,26,3,27,3,1,0,25,25,24,6,24,1
260,kernel,0x550,0,00,00,01,Teclado,1,3,Teclado,0x22,2,26,2,27,3,1,0,25,25,24,6,24,1
261,kernel,0x2200,1,00,00,01,Teclado,1,4,Teclado,0x22,1,26,2,27,2,1,0,25,25,24,6,24,1
262,kernel,0x2200,1,00,00,01,Teclado,1,5,Teclado,0x22,0,26,1,27,2,1,0,25,25,24,6,24,1
263,kernel,0x2200,1,00,00,00,-,1,6,Teclado,0x22,0,26,1,27,1,1,0,25,25,25,6,25,0
264,usuario,0x550,1,10,00,00,-,1,7,Teclado,0x22,0,0,0,27,1,1,0,25,25,25,6,25,1
265,usuario,0x550,1,11,00,00,-,0,0,-,0x0,0,28,6,0,0,0,0,25,25,25,6,25,2
266,kernel,0x554,0,01,00,10,Disco,1,1,Disco,0x21,0,28,5,0,0,0,0,26,26,25,6,25,2
267,kernel,0x554,0,01,00,10,Disco,1,2,Disco,0x21,0,28,5,0,0,0,0,26,26,25,6,25,2
268,kernel,0x554,0,01,00,10,Disco,1,3,Disco,0x21,0,28,4,0,0,0,0,26,26,25,6,25,2
269,kernel,0x2100,1,01,00,10,Disco,1,4,Disco,0x21,0,28,4,0,0,0,0,26,26,25,6,25,2
270,kernel,0x2100,1,01,00,10,Disco,1,5,Disco,0x21,0,28,3,0,0,0,0,26,26,25,6,25,2
271,kernel,0x2100,1,01,00,00,-,1,6,Disco,0x21,0,28,3,0,0,0,0,26,26,26,6,26,1
272,usuario,0x554,1,01,00,00,-,1,7,Disco,0x21,0,28,2,0,0,0,0,26,26,26,6,26,1
273,usuario,0x554,1,01,00,00,-,0,0,-,0x0,0,28,2,0,0,0,0,26,26,26,6,26,1
274,kernel,0x558,0,00,00,01,Teclado,1,1,Teclado,0x22,0,28,1,0,0,0,0,27,27,26,6,26,1
275,kernel,0x558,0,00,00,01,Teclado,1,2,Teclado,0x22,0,28,1,0,0,0,0,27,27,26,6,26,1
276,kernel,0x558,0,10,00,01,Teclado,1,3,Teclado,0x22,0,0,0,0,0,0,0,27,27,26,6,26,2
277,kernel,0x2200,1,10,00,01,Teclado,1,4,Teclado,0x22,0,0,0,0,0,0,0,27,27,26,6,26,2
278,kernel,0x2200,0,00,00,11,Disco,1,1,Disco,0x21,0,0,0,0,0,0,0,28,28,26,7,26,2
279,kernel,0x2200,0,00,00,11,Disco,1,2,Disco,0x21,0,0,0,0,0,0,0,28,28,26,7,26,2
280,kernel,0x2200,0,00,00,11,Disco,1,3,Disco,0x21,0,0,0,0,0,0,0,28,28,26,7,26,2
281,kernel,0x2100,1,00,00,11,Disco,1,4,Disco,0x21,0,0,0,0,0,0,0,28,28,26,7,26,2
282,kernel,0x2100,1,00,00,11,Disco,1,5,Disco,0x21,0,0,0,0,0,0,0,28,28,26,7,26,2
283,kernel,0x2100,1,00,00,01,Teclado,1,6,Disco,0x21,0,0,0,0,0,0,0,28,28,27,7,27,1
284,kernel,0x2200,1,00,00,01,Teclado,1,7,Disco,0x21,0,0,0,0,0,0,0,28,28,27,7,27,1
285,kernel,0x2200,1,00,00,01,Teclado,1,4,Teclado,0x22,0,0,0,0,0,0,0,28,28,27,7,27,1
286,kernel,0x2200,1,00,00,01,Teclado,1,5,Teclado,0x22,0,0,0,0,0,0,0,28,28,27,7,27,1
287,kernel,0x2200,1,00,00,00,-,1,6,Teclado,0x22,0,0,0,0,0,0,0,28,28,28,7,28,0
288,usuario,0x558,1,00,00,00,-,1,7,Teclado,0x22,0,0,0,0,0,0,0,28,28,28,7,28,0
289,usuario,0x558,1,00,00,00,-,0,0,-,0x0,0,0,0,0,0,0,0,28,28,28,7,28,0
290,usuario,0x55C,1,00,00,00,-,0,0,-,0x0,4,0,0,0,0,0,1,28,28,28,7,28,0
291,usuario,0x560,1,00,00,00,-,0,0,-,0x0,3,0,0,29,4,0,0,28,28,28,7,28,0
292,usuario,0x564,1,00,00,00,-,0,0,-,0x0,2,0,0,29,3,0,0,28,28,28,7,28,0
293,usuario,0x568,1,00,00,00,-,0,0,-,0x0,4,0,0,29,3,1,0,28,28,28,7,28,0
294,usuario,0x56C,1,00,00,00,-,0,0,-,0x0,3,30,6,29,2,0,0,28,28,28,7,28,0
295,usuario,0x570,1,00,00,00,-,0,0,-,0x0,2,30,5,29,2,0,0,28,28,28,7,28,0
296,usuario,0x574,1,00,00,00,-,0,0,-,0x0,4,30,5,29,1,0,1,28,28,28,7,28,0
297,usuario,0x578,1,00,00,00,-,0,0,-,0x0,3,30,4,29,1,0,1,28,28,28,7,28,0
298,usuario,0x57C,1,01,00,00,-,0,0,-,0x0,2,30,4,0,0,0,1,28,28,28,7,28,1
299,kernel,0x580,0,00,00,01,Teclado,1,1,Teclado,0x22,4,30,3,31,4,1,0,29,29,28,7,28,1
300,kernel,0x580,0,00,00,01,Teclado,1,2,Teclado,0x22,3,30,3,31,3,1,0,29,29,28,7,28,1
301,kernel,0x580,0,00,00,01,Teclado,1,3,Teclado,0x22,2,30,2,31,3,1,0,29,29,28,7,28,1
302,kernel,0x2200,1,00,00,01,Teclado,1,4,Teclado,0x22,1,30,2,31,2,1,0,29,29,28,7,28,1
303,kernel,0x2200,1,00,00,01,Teclado,1,5,Teclado,0x22,0,30,1,31,2,1,0,29,29,28,7,28,1
304,kernel,0x2200,1,00,00,00,-,1,6,Teclado,0x22,0,30,1,31,1,1,0,29,29,29,7,29,0
305,usuario,0x580,1,10,00,00,-,1,7,Teclado,0x22,0,0,0,31,1,1,0,29,29,29,7,29,1
306,usuario,0x580,1,11,00,00,-,0,0,-,0x0,0,32,6,0,0,0,0,29,29,29,7,29,2
307,kernel,0x584,0,01,00,10,Disco,1,1,Disco,0x21,0,32,5,0,0,0,0,30,30,29,7,29,2
308,kernel,0x584,0,01,00,10,Disco,1,2,Disco,0x21,0,32,5,0,0,0,0,30,30,29,7,29,2
309,kernel,0x584,0,01,00,10,Disco,1,3,Disco,0x21,0,32,4,0,0,0,0,30,30,29,7,29,2
310,kernel,0x2100,1,01,00,10,Disco,1,4,Disco,0x21,0,32,4,0,0,0,0,30,30,29,7,29,2
311,kernel,0x2100,1,01,00,10,Disco,1,5,Disco,0x21,0,32,3,0,0,0,0,30,30,29,7,29,2
312,kernel,0x2100,1,01,00,00,-,1,6,Disco,0x21,0,32,3,0,0,0,0,30,30,30,7,30,1
313,usuario,0x584,1,01,00,00,-,1,7,Disco,0x21,0,32,2,0,0,0,0,30,30,30,7,30,1
314,usuario,0x584,1,01,00,00,-,0,0,-,0x0,0,32,2,0,0,0,0,30,30,30,7,30,1
315,kernel,0x588,0,00,00,01,Teclado,1,1,Teclado,0x22,0,32,1,0,0,0,0,31,31,30,7,30,1
316,kernel,0x588,0,00,00,01,Teclado,1,2,Teclado,0x22,0,32,1,0,0,0,0,31,31,30,7,30,1
317,kernel,0x588,0,10,00,01,Teclado,1,3,Teclado,0x22,0,0,0,0,0,0,0,31,31,30,7,30,2
318,kernel,0x2200,1,10,00,01,Teclado,1,4,Teclado,0x22,0,0,0,0,0,0,0,31,31,30,7,30,2
319,kernel,0x2200,0,00,00,11,Disco,1,1,Disco,0x21,0,0,0,0,0,0,0,32,32,30,8,30,2
320,kernel,0x2200,0,00,00,11,Disco,1,2,Disco,0x21,0,0,0,0,0,0,0,32,32,30,8,30,2
321,kernel,0x2200,0,00,00,11,Disco,1,3,Disco,0x21,0,0,0,0,0,0,0,32,32,30,8,30,2
322,kernel,0x2100,1,00,00,11,Disco,1,4,Disco,0x21,0,0,0,0,0,0,0,32,32,30,8,30,2
323,kernel,0x2100,1,00,00,11,Disco,1,5,Disco,0x21,0,0,0,0,0,0,0,32,32,30,8,30,2
324,kernel,0x2100,1,00,00,01,Teclado,1,6,Disco,0x21,0,0,0,0,0,0,0,32,32,31,8,31,1
325,kernel,0x2200,1,00,00,01,Teclado,1,7,Disco,0x21,0,0,0,0,0,0,0,32,32,31,8,31,1
326,kernel,0x2200,1,00,00,01,Teclado,1,4,Teclado,0x22,0,0,0,0,0,0,0,32,32,31,8,31,1
327,kernel,0x2200,1,00,00,01,Teclado,1,5,Teclado,0x22,0,0,0,0,0,0,0,32,32,31,8,31,1
328,kernel,0x2200,1,00,00,00,-,1,6,Teclado,0x22,0,0,0,0,0,0,0,32,32,32,8,32,0
329,usuario,0x588,1,00,00,00,-,1,7,Teclado,0x22,0,0,0,0,0,0,0,32,32,32,8,32,0
330,usuario,0x588,1,00,00,00,-,0,0,-,0x0,0,0,0,0,0,0,0,32,32,32,8,32,0
331,usuario,0x58C,1,00,00,00,-,0,0,-,0x0,4,0,0,0,0,0,1,32,32,32,8,32,0
332,usuario,0x590,1,00,00,00,-,0,0,-,0x0,3,0,0,33,4,0,0,32,32,32,8,32,0
333,usuario,0x594,1,00,00,00,-,0,0,-,0x0,2,0,0,33,3,0,0,32,32,32,8,32,0
334,usuario,0x598,1,00,00,00,-,0,0,-,0x0,4,0,0,33,3,1,0,32,32,32,8,32,0
335,usuario,0x59C,1,00,00,00,-,0,0,-,0x0,3,34,6,33,2,0,0,32,32,32,8,32,0
336,usuario,0x5A0,1,00,00,00,-,0,0,-,0x0,2,34,5,33,2,0,0,32,32,32,8,32,0
337,usuario,0x5A4,1,00,00,00,-,0,0,-,0x0,4,34,5,33,1,0,1,32,32,32,8,32,0
338,usuario,0x5A8,1,00,00,00,-,0,0,-,0x0,3,34,4,33,1,0,1,32,32,32,8,32,0
339,usuario,0x5AC,1,01,00,00,-,0,0,-,0x0,2,34,4,0,0,0,1,32,32,32,8,32,1
340,kernel,0x5B0,0,00,00,01,Teclado,1,1,Teclado,0x22,4,34,3,35,4,1,0,33,33,32,8,32,1
341,kernel,0x5B0,0,00,00,01,Teclado,1,2,Teclado,0x22,3,34,3,35,3,1,0,33,33,32,8,32,1
342,kernel,0x5B0,0,00,00,01,Teclado,1,3,Teclado,0x22,2,34,2,35,3,1,0,33,33,32,8,32,1
343,kernel,0x2200,1,00,00,01,Teclado,1,4,Teclado,0x22,1,34,2,35,2,1,0,33,33,32,8,32,1
344,kernel,0x2200,1,00,00,01,Teclado,1,5,Teclado,0x22,0,34,1,35,2,1,0,33,33,32,8,32,1
345,kernel,0x2200,1,00,00,00,-,1,6,Teclado,0x22,0,34,1,35,1,1,0,33,33,33,8,33,0
346,usuario,0x5B0,1,10,00,00,-,1,7,Teclado,0x22,0,0,0,35,1,1,0,33,33,33,8,33,1
347,usuario,0x5B0,1,11,00,00,-,0,0,-,0x0,0,36,6,0,0,0,0,33,33,33,8,33,2
348,kernel,0x5B4,0,01,00,10,Disco,1,1,Disco,0x21,0,36,5,0,0,0,0,34,34,33,8,33,2
349,kernel,0x5B4,0,01,00,10,Disco,1,2,Disco,0x21,0,36,5,0,0,0,0,34,34,33,8,33,2
350,kernel,0x5B4,0,01,00,10,Disco,1,3,Disco,0x21,0,36,4,0,0,0,0,34,34,33,8,33,2
351,kernel,0x2100,1,01,00,10,Disco,1,4,Disco,0x21,0,36,4,0,0,0,0,34,34,33,8,33,2
352,kernel,0x2100,1,01,00,10,Disco,1,5,Disco,0x21,0,36,3,0,0,0,0,34,34,33,8,33,2
353,kernel,0x2100,1,01,00,00,-,1,6,Disco,0x21,0,36,3,0,0,0,0,34,34,34,8,34,1
354,usuario,0x5B4,1,01,00,00,-,1,7,Disco,0x21,0,36,2,0,0,0,0,34,34,34,8,34,1
355,usuario,0x5B4,1,01,00,00,-,0,0,-,0x0,0,36,2,0,0,0,0,34,34,34,8,34,1
356,kernel,0x5B8,0,00,00,01,Teclado,1,1,Teclado,0x22,0,36,1,0,0,0,0,35,35,34,8,34,1
357,kernel,0x5B8,0,00,00,01,Teclado,1,2,Teclado,0x22,0,36,1,0,0,0,0,35,35,34,8,34,1
358,kernel,0x5B8,0,10,00,01,Teclado,1,3,Teclado,0x22,0,0,0,0,0,0,0,35,35,34,8,34,2
359,kernel,0x2200,1,10,00,01,Teclado,1,4,Teclado,0x22,0,0,0,0,0,0,0,35,35,34,8,34,2
360,kernel,0x2200,0,00,00,11,Disco,1,1,Disco,0x21,0,0,0,0,0,0,0,36,36,34,9,34,2
361,kernel,0x2200,0,00,00,11,Disco,1,2,Disco,0x21,0,0,0,0,0,0,0,36,36,34,9,34,2
362,kernel,0x2200,0,00,00,11,Disco,1,3,Disco,0x21,0,0,0,0,0,0,0,36,36,34,9,34,2
363,kernel,0x2100,1,00,00,11,Disco,1,4,Disco,0x21,0,0,0,0,0,0,0,36,36,34,9,34,2
364,kernel,0x2100,1,00,00,11,Disco,1,5,Disco,0x21,0,0,0,0,0,0,0,36,36,34,9,34,2
365,kernel,0x2100,1,00,00,01,Teclado,1,6,Disco,0x21,0,0,0,0,0,0,0,36,36,35,9,35,1
366,kernel,0x2200,1,00,00,01,Teclado,1,7,Disco,0x21,0,0,0,0,0,0,0,36,36,35,9,35,1
367,kernel,0x2200,1,00,00,01,Teclado,1,4,Teclado,0x22,0,0,0,0,0,0,0,36,36,35,9,35,1
368,kernel,0x2200,1,00,00,01,Teclado,1,5,Teclado,0x22,0,0,0,0,0,0,0,36,36,35,9,35,1
369,kernel,0x2200,1,00,00,00,-,1,6,Teclado,0x22,0,0,0,0,0,0,0,36,36,36,9,36,0
370,usuario,0x5B8,1,00,00,00,-,1,7,Teclado,0x22,0,0,0,0,0,0,0,36,36,36,9,36,0
371,usuario,0x5B8,1,00,00,00,-,0,0,-,0x0,0,0,0,0,0,0,0,36,36,36,9,36,0
372,usuario,0x5BC,1,00,00,00,-,0,0,-,0x0,4,0,0,0,0,0,1,36,36,36,9,36,0
373,usuario,0x5C0,1,00,00,00,-,0,0,-,0x0,3,0,0,37,4,0,0,36,36,36,9,36,0
374,usuario,0x5C4,1,00,00,00,-,0,0,-,0x0,2,0,0,37,3,0,0,36,36,36,9,36,0
375,usuario,0x5C8,1,00,00,00,-,0,0,-,0x0,4,0,0,37,3,1,0,36,36,36,9,36,0
376,usuario,0x5CC,1,00,00,00,-,0,0,-,0x0,3,38,6,37,2,0,0,36,36,36,9,36,0
377,usuario,0x5D0,1,00,00,00,-,0,0,-,0x0,2,38,5,37,2,0,0,36,36,36,9,36,0
378,usuario,0x5D4,1,00,00,00,-,0,0,-,0x0,4,38,5,37,1,0,1,36,36,36,9,36,0
379,usuario,0x5D8,1,00,00,00,-,0,0,-,0x0,3,38,4,37,1,0,1,36,36,36,9,36,0
380,usuario,0x5DC,1,01,00,00,-,0,0,-,0x0,2,38,4,0,0,0,1,36,36,36,9,36,1
381,kernel,0x5E0,0,00,00,01,Teclado,1,1,Teclado,0x22,4,38,3,39,4,1,0,37,37,36,9,36,1
382,kernel,0x5E0,0,00,00,01,Teclado,1,2,Teclado,0x22,3,38,3,39,3,1,0,37,37,36,9,36,1
383,kernel,0x5E0,0,00,00,01,Teclado,1,3,Teclado,0x22,2,38,2,39,3,1,0,37,37,36,9,36,1
384,kernel,0x2200,1,00,00,01,Teclado,1,4,Teclado,0x22,1,38,2,39,2,1,0,37,37,36,9,36,1
385,kernel,0x2200,1,00,00,01,Teclado,1,5,Teclado,0x22,0,38,1,39,2,1,0,37,37,36,9,36,1
386,kernel,0x2200,1,00,00,00,-,1,6,Teclado,0x22,0,38,1,39,1,1,0,37,37,37,9,37,0
387,usuario,0x5E0,1,10,00,00,-,1,7,Teclado,0x22,0,0,0,39,1,1,0,37,37,37,9,37,1
388,usuario,0x5E0,1,11,00,00,-,0,0,-,0x0,0,40,6,0,0,0,0,37,37,37,9,37,2
389,kernel,0x5E4,0,01,00,10,Disco,1,1,Disco,0x21,0,40,5,0,0,0,0,38,38,37,9,37,2
390,kernel,0x5E4,0,01,00,10,Disco,1,2,Disco,0x21,0,40,5,0,0,0,0,38,38,37,9,37,2
391,kernel,0x5E4,0,01,00,10,Disco,1,3,Disco,0x21,0,40,4,0,0,0,0,38,38,37,9,37,2
392,kernel,0x2100,1,01,00,10,Disco,1,4,Disco,0x21,0,40,4,0,0,0,0,38,38,37,9,37,2
393,kernel,0x2100,1,01,00,10,Disco,1,5,Disco,0x21,0,40,3,0,0,0,0,38,38,37,9,37,2
394,kernel,0x2100,1,01,00,00,-,1,6,Disco,0x21,0,40,3,0,0,0,0,38,38,38,9,38,1
395,usuario,0x5E4,1,01,00,00,-,1,7,Disco,0x21,0,40,2,0,0,0,0,38,38,38,9,38,1
396,usuario,0x5E4,1,01,00,00,-,0,0,-,0x0,0,40,2,0,0,0,0,38,38,38,9,38,1
397,kernel,0x5E8,0,00,00,01,Teclado,1,1,Teclado,0x22,0,40,1,0,0,0,0,39,39,38,9,38,1
398,kernel,0x5E8,0,00,00,01,Teclado,1,2,Teclado,0x22,0,40,1,0,0,0,0,39,39,38,9,38,1
399,kernel,0x5E8,0,10,00,01,Teclado,1,3,Teclado,0x22,0,0,0,0,0,0,0,39,39,38,9,38,2
400,kernel,0x2200,1,10,00,01,Teclado,1,4,Teclado,0x22,0,0,0,0,0,0,0,39,39,38,9,38,2
